class,package
EntityFireworkOverlayFX,net/minecraft/client/particle
EntityFireworkSparkFX,net/minecraft/client/particle
EntityFireworkStarterFX,net/minecraft/client/particle
ScheduledSound,net/minecraft/client/audio
BehaviorDispenseFirework,net/minecraft/dispenser
EnchantmentThorns,net/minecraft/enchantment
EntityFireworkRocket,net/minecraft/entity/item
ItemBook,net/minecraft/item
ItemEnchantedBook,net/minecraft/item
ItemFirework,net/minecraft/item
ItemFireworkCharge,net/minecraft/item
RecipeFireworks,net/minecraft/item/crafting
TileEntityMobSpawnerSpawnData,net/minecraft/tileentity
Block,net/minecraft/block
BlockAnvil,net/minecraft/block
BlockBeacon,net/minecraft/block
BlockBed,net/minecraft/block
BlockBookshelf,net/minecraft/block
BlockBreakable,net/minecraft/block
BlockBrewingStand,net/minecraft/block
BlockButton,net/minecraft/block
BlockCactus,net/minecraft/block
BlockCake,net/minecraft/block
BlockCarrot,net/minecraft/block
BlockCauldron,net/minecraft/block
BlockChest,net/minecraft/block
BlockClay,net/minecraft/block
BlockCloth,net/minecraft/block
BlockCocoa,net/minecraft/block
BlockCommandBlock,net/minecraft/block
BlockContainer,net/minecraft/block
BlockCrops,net/minecraft/block
BlockDeadBush,net/minecraft/block
BlockDetectorRail,net/minecraft/block
BlockDirectional,net/minecraft/block
BlockDirt,net/minecraft/block
BlockDispenser,net/minecraft/block
BlockDoor,net/minecraft/block
BlockDragonEgg,net/minecraft/block
BlockEnchantmentTable,net/minecraft/block
BlockEndPortal,net/minecraft/block
BlockEndPortalFrame,net/minecraft/block
BlockEnderChest,net/minecraft/block
BlockEventData,net/minecraft/block
BlockFarmland,net/minecraft/block
BlockFence,net/minecraft/block
BlockFenceGate,net/minecraft/block
BlockFire,net/minecraft/block
BlockFlower,net/minecraft/block
BlockFlowerPot,net/minecraft/block
BlockFlowing,net/minecraft/block
BlockFluid,net/minecraft/block
BlockFurnace,net/minecraft/block
BlockGlass,net/minecraft/block
BlockGlowStone,net/minecraft/block
BlockGrass,net/minecraft/block
BlockGravel,net/minecraft/block
BlockHalfSlab,net/minecraft/block
BlockIce,net/minecraft/block
BlockJukeBox,net/minecraft/block
BlockLadder,net/minecraft/block
BlockLeaves,net/minecraft/block
BlockLeavesBase,net/minecraft/block
BlockLever,net/minecraft/block
BlockLilyPad,net/minecraft/block
BlockLockedChest,net/minecraft/block
BlockLog,net/minecraft/block
BlockMelon,net/minecraft/block
BlockMobSpawner,net/minecraft/block
BlockMushroom,net/minecraft/block
BlockMushroomCap,net/minecraft/block
BlockMycelium,net/minecraft/block
BlockNetherStalk,net/minecraft/block
BlockNetherrack,net/minecraft/block
BlockNote,net/minecraft/block
BlockObsidian,net/minecraft/block
BlockOre,net/minecraft/block
BlockOreStorage,net/minecraft/block
BlockPane,net/minecraft/block
BlockPistonBase,net/minecraft/block
BlockPistonExtension,net/minecraft/block
BlockPistonMoving,net/minecraft/block
BlockPortal,net/minecraft/block
BlockPotato,net/minecraft/block
BlockPressurePlate,net/minecraft/block
BlockPumpkin,net/minecraft/block
BlockRail,net/minecraft/block
BlockRedstoneLight,net/minecraft/block
BlockRedstoneOre,net/minecraft/block
BlockRedstoneRepeater,net/minecraft/block
BlockRedstoneTorch,net/minecraft/block
BlockRedstoneWire,net/minecraft/block
BlockReed,net/minecraft/block
BlockSand,net/minecraft/block
BlockSandStone,net/minecraft/block
BlockSapling,net/minecraft/block
BlockSign,net/minecraft/block
BlockSilverfish,net/minecraft/block
BlockSkull,net/minecraft/block
BlockSnow,net/minecraft/block
BlockSnowBlock,net/minecraft/block
BlockSoulSand,net/minecraft/block
BlockSourceImpl,net/minecraft/block
BlockSponge,net/minecraft/block
BlockStairs,net/minecraft/block
BlockStationary,net/minecraft/block
BlockStem,net/minecraft/block
BlockStep,net/minecraft/block
BlockStone,net/minecraft/block
BlockStoneBrick,net/minecraft/block
BlockTNT,net/minecraft/block
BlockTallGrass,net/minecraft/block
BlockTorch,net/minecraft/block
BlockTrapDoor,net/minecraft/block
BlockTripWire,net/minecraft/block
BlockTripWireSource,net/minecraft/block
BlockVine,net/minecraft/block
BlockWall,net/minecraft/block
BlockWeb,net/minecraft/block
BlockWood,net/minecraft/block
BlockWoodSlab,net/minecraft/block
BlockWorkbench,net/minecraft/block
EnumMobType,net/minecraft/block
RailLogic,net/minecraft/block
RedstoneUpdateInfo,net/minecraft/block
StepSound,net/minecraft/block
StepSoundAnvil,net/minecraft/block
StepSoundSand,net/minecraft/block
StepSoundStone,net/minecraft/block
TileEntityRecordPlayer,net/minecraft/block
MapColor,net/minecraft/block/material
Material,net/minecraft/block/material
MaterialLiquid,net/minecraft/block/material
MaterialLogic,net/minecraft/block/material
MaterialPortal,net/minecraft/block/material
MaterialTransparent,net/minecraft/block/material
MaterialWeb,net/minecraft/block/material
CallableClientMemoryStats,net/minecraft/client
CallableClientProfiler,net/minecraft/client
CallableGLInfo,net/minecraft/client
CallableLWJGLVersion,net/minecraft/client
CallableModded,net/minecraft/client
CallableTexturePack,net/minecraft/client
CallableTickingScreenName,net/minecraft/client
CallableType2,net/minecraft/client
CallableUpdatingScreenName,net/minecraft/client
CanvasCrashReport,net/minecraft/client
CanvasMinecraftApplet,net/minecraft/client
CanvasMojangLogo,net/minecraft/client
EnumOSHelper,net/minecraft/client
GameWindowListener,net/minecraft/client
MinecraftAppletImpl,net/minecraft/client
MinecraftFakeLauncher,net/minecraft/client
PanelCrashReport,net/minecraft/client
StatStringFormatKeyInv,net/minecraft/client
ThreadClientSleep,net/minecraft/client
ThreadShutdown,net/minecraft/client
CodecMus,net/minecraft/client/audio
MusInputStream,net/minecraft/client/audio
SoundManager,net/minecraft/client/audio
SoundPool,net/minecraft/client/audio
SoundPoolEntry,net/minecraft/client/audio
EntityClientPlayerMP,net/minecraft/client/entity
EntityOtherPlayerMP,net/minecraft/client/entity
EntityPlayerSP,net/minecraft/client/entity
ChatClickData,net/minecraft/client/gui
ChatLine,net/minecraft/client/gui
FontRenderer,net/minecraft/client/gui
Gui,net/minecraft/client/gui
GuiButton,net/minecraft/client/gui
GuiButtonLanguage,net/minecraft/client/gui
GuiButtonMerchant,net/minecraft/client/gui
GuiButtonNextPage,net/minecraft/client/gui
GuiChat,net/minecraft/client/gui
GuiChatConfirmLink,net/minecraft/client/gui
GuiCommandBlock,net/minecraft/client/gui
GuiConfirmOpenLink,net/minecraft/client/gui
GuiControls,net/minecraft/client/gui
GuiCreateFlatWorld,net/minecraft/client/gui
GuiCreateFlatWorldListSlot,net/minecraft/client/gui
GuiCreateWorld,net/minecraft/client/gui
GuiDisconnected,net/minecraft/client/gui
GuiDownloadTerrain,net/minecraft/client/gui
GuiEnchantment,net/minecraft/client/gui
GuiErrorScreen,net/minecraft/client/gui
GuiFlatPresets,net/minecraft/client/gui
GuiFlatPresetsItem,net/minecraft/client/gui
GuiFlatPresetsListSlot,net/minecraft/client/gui
GuiGameOver,net/minecraft/client/gui
GuiIngame,net/minecraft/client/gui
GuiIngameMenu,net/minecraft/client/gui
GuiLanguage,net/minecraft/client/gui
GuiMainMenu,net/minecraft/client/gui
GuiMemoryErrorScreen,net/minecraft/client/gui
GuiMerchant,net/minecraft/client/gui
GuiMultiplayer,net/minecraft/client/gui
GuiNewChat,net/minecraft/client/gui
GuiOptions,net/minecraft/client/gui
GuiParticle,net/minecraft/client/gui
GuiPlayerInfo,net/minecraft/client/gui
GuiProgress,net/minecraft/client/gui
GuiRenameWorld,net/minecraft/client/gui
GuiRepair,net/minecraft/client/gui
GuiScreen,net/minecraft/client/gui
GuiScreenAddServer,net/minecraft/client/gui
GuiScreenBook,net/minecraft/client/gui
GuiScreenDemo,net/minecraft/client/gui
GuiScreenServerList,net/minecraft/client/gui
GuiSelectWorld,net/minecraft/client/gui
GuiShareToLan,net/minecraft/client/gui
GuiSleepMP,net/minecraft/client/gui
GuiSlider,net/minecraft/client/gui
GuiSlot,net/minecraft/client/gui
GuiSlotLanguage,net/minecraft/client/gui
GuiSlotServer,net/minecraft/client/gui
GuiSmallButton,net/minecraft/client/gui
GuiSnooper,net/minecraft/client/gui
GuiSnooperList,net/minecraft/client/gui
GuiTextField,net/minecraft/client/gui
GuiVideoSettings,net/minecraft/client/gui
GuiWinGame,net/minecraft/client/gui
GuiWorldSlot,net/minecraft/client/gui
GuiYesNo,net/minecraft/client/gui
LoadingScreenRenderer,net/minecraft/client/gui
MapItemRenderer,net/minecraft/client/gui
Particle,net/minecraft/client/gui
ScaledResolution,net/minecraft/client/gui
ScreenChatOptions,net/minecraft/client/gui
ThreadPollServers,net/minecraft/client/gui
GuiAchievement,net/minecraft/client/gui/achievement
GuiAchievements,net/minecraft/client/gui/achievement
GuiSlotStats,net/minecraft/client/gui/achievement
GuiSlotStatsBlock,net/minecraft/client/gui/achievement
GuiSlotStatsGeneral,net/minecraft/client/gui/achievement
GuiSlotStatsItem,net/minecraft/client/gui/achievement
GuiStats,net/minecraft/client/gui/achievement
SorterStatsBlock,net/minecraft/client/gui/achievement
SorterStatsItem,net/minecraft/client/gui/achievement
ContainerCreative,net/minecraft/client/gui/inventory
CreativeCrafting,net/minecraft/client/gui/inventory
GuiBeacon,net/minecraft/client/gui/inventory
GuiBeaconButton,net/minecraft/client/gui/inventory
GuiBeaconButtonCancel,net/minecraft/client/gui/inventory
GuiBeaconButtonConfirm,net/minecraft/client/gui/inventory
GuiBeaconButtonPower,net/minecraft/client/gui/inventory
GuiBrewingStand,net/minecraft/client/gui/inventory
GuiChest,net/minecraft/client/gui/inventory
GuiContainer,net/minecraft/client/gui/inventory
GuiContainerCreative,net/minecraft/client/gui/inventory
GuiCrafting,net/minecraft/client/gui/inventory
GuiDispenser,net/minecraft/client/gui/inventory
GuiEditSign,net/minecraft/client/gui/inventory
GuiFurnace,net/minecraft/client/gui/inventory
GuiInventory,net/minecraft/client/gui/inventory
SlotCreativeInventory,net/minecraft/client/gui/inventory
ModelBase,net/minecraft/client/model
ModelBat,net/minecraft/client/model
ModelBiped,net/minecraft/client/model
ModelBlaze,net/minecraft/client/model
ModelBoat,net/minecraft/client/model
ModelBook,net/minecraft/client/model
ModelBox,net/minecraft/client/model
ModelChest,net/minecraft/client/model
ModelChicken,net/minecraft/client/model
ModelCow,net/minecraft/client/model
ModelCreeper,net/minecraft/client/model
ModelDragon,net/minecraft/client/model
ModelEnderCrystal,net/minecraft/client/model
ModelEnderman,net/minecraft/client/model
ModelGhast,net/minecraft/client/model
ModelIronGolem,net/minecraft/client/model
ModelLargeChest,net/minecraft/client/model
ModelMagmaCube,net/minecraft/client/model
ModelMinecart,net/minecraft/client/model
ModelOcelot,net/minecraft/client/model
ModelPig,net/minecraft/client/model
ModelQuadruped,net/minecraft/client/model
ModelRenderer,net/minecraft/client/model
ModelSheep1,net/minecraft/client/model
ModelSheep2,net/minecraft/client/model
ModelSign,net/minecraft/client/model
ModelSilverfish,net/minecraft/client/model
ModelSkeleton,net/minecraft/client/model
ModelSkeletonHead,net/minecraft/client/model
ModelSlime,net/minecraft/client/model
ModelSnowMan,net/minecraft/client/model
ModelSpider,net/minecraft/client/model
ModelSquid,net/minecraft/client/model
ModelVillager,net/minecraft/client/model
ModelWitch,net/minecraft/client/model
ModelWither,net/minecraft/client/model
ModelWolf,net/minecraft/client/model
ModelZombie,net/minecraft/client/model
ModelZombieVillager,net/minecraft/client/model
PositionTextureVertex,net/minecraft/client/model
TextureOffset,net/minecraft/client/model
TexturedQuad,net/minecraft/client/model
CallableMPL1,net/minecraft/client/multiplayer
CallableMPL2,net/minecraft/client/multiplayer
ChunkProviderClient,net/minecraft/client/multiplayer
GuiConnecting,net/minecraft/client/multiplayer
LanServer,net/minecraft/client/multiplayer
LanServerList,net/minecraft/client/multiplayer
NetClientHandler,net/minecraft/client/multiplayer
NetClientWebTextures,net/minecraft/client/multiplayer
PlayerControllerMP,net/minecraft/client/multiplayer
ServerAddress,net/minecraft/client/multiplayer
ServerData,net/minecraft/client/multiplayer
ServerList,net/minecraft/client/multiplayer
ThreadConnectToServer,net/minecraft/client/multiplayer
ThreadLanServerFind,net/minecraft/client/multiplayer
ThreadLanServerPing,net/minecraft/client/multiplayer
WorldClient,net/minecraft/client/multiplayer
CallableLastTickedParticle,net/minecraft/client/particle
EffectRenderer,net/minecraft/client/particle
EntityAuraFX,net/minecraft/client/particle
EntityBreakingFX,net/minecraft/client/particle
EntityBubbleFX,net/minecraft/client/particle
EntityCloudFX,net/minecraft/client/particle
EntityCrit2FX,net/minecraft/client/particle
EntityCritFX,net/minecraft/client/particle
EntityDiggingFX,net/minecraft/client/particle
EntityDropParticleFX,net/minecraft/client/particle
EntityEnchantmentTableParticleFX,net/minecraft/client/particle
EntityExplodeFX,net/minecraft/client/particle
EntityFX,net/minecraft/client/particle
EntityFlameFX,net/minecraft/client/particle
EntityFootStepFX,net/minecraft/client/particle
EntityHeartFX,net/minecraft/client/particle
EntityHugeExplodeFX,net/minecraft/client/particle
EntityLargeExplodeFX,net/minecraft/client/particle
EntityLavaFX,net/minecraft/client/particle
EntityNoteFX,net/minecraft/client/particle
EntityPickupFX,net/minecraft/client/particle
EntityPortalFX,net/minecraft/client/particle
EntityRainFX,net/minecraft/client/particle
EntityReddustFX,net/minecraft/client/particle
EntitySmokeFX,net/minecraft/client/particle
EntitySnowShovelFX,net/minecraft/client/particle
EntitySpellParticleFX,net/minecraft/client/particle
EntitySplashFX,net/minecraft/client/particle
EntitySuspendFX,net/minecraft/client/particle
ActiveRenderInfo,net/minecraft/client/renderer
CallableMouseLocation,net/minecraft/client/renderer
CallableParticlePositionInfo,net/minecraft/client/renderer
CallableParticleScreenName,net/minecraft/client/renderer
CallableScreenName,net/minecraft/client/renderer
CallableScreenSize,net/minecraft/client/renderer
ChestItemRenderHelper,net/minecraft/client/renderer
DestroyBlockProgress,net/minecraft/client/renderer
EntityRenderer,net/minecraft/client/renderer
EntitySorter,net/minecraft/client/renderer
GLAllocation,net/minecraft/client/renderer
IImageBuffer,net/minecraft/client/renderer
ImageBufferDownload,net/minecraft/client/renderer
InventoryEffectRenderer,net/minecraft/client/renderer
ItemRenderer,net/minecraft/client/renderer
OpenGlCapsChecker,net/minecraft/client/renderer
OpenGlHelper,net/minecraft/client/renderer
RenderBlocks,net/minecraft/client/renderer
RenderEngine,net/minecraft/client/renderer
RenderGlobal,net/minecraft/client/renderer
RenderHelper,net/minecraft/client/renderer
RenderList,net/minecraft/client/renderer
RenderSorter,net/minecraft/client/renderer
Tessellator,net/minecraft/client/renderer
ThreadDownloadImage,net/minecraft/client/renderer
ThreadDownloadImageData,net/minecraft/client/renderer
WorldRenderer,net/minecraft/client/renderer
ClippingHelper,net/minecraft/client/renderer/culling
ClippingHelperImpl,net/minecraft/client/renderer/culling
Frustrum,net/minecraft/client/renderer/culling
ICamera,net/minecraft/client/renderer/culling
Render,net/minecraft/client/renderer/entity
RenderArrow,net/minecraft/client/renderer/entity
RenderBat,net/minecraft/client/renderer/entity
RenderBiped,net/minecraft/client/renderer/entity
RenderBlaze,net/minecraft/client/renderer/entity
RenderBoat,net/minecraft/client/renderer/entity
RenderChicken,net/minecraft/client/renderer/entity
RenderCow,net/minecraft/client/renderer/entity
RenderCreeper,net/minecraft/client/renderer/entity
RenderDragon,net/minecraft/client/renderer/entity
RenderEnchantmentTable,net/minecraft/client/renderer/entity
RenderEnderman,net/minecraft/client/renderer/entity
RenderEntity,net/minecraft/client/renderer/entity
RenderFallingSand,net/minecraft/client/renderer/entity
RenderFireball,net/minecraft/client/renderer/entity
RenderFish,net/minecraft/client/renderer/entity
RenderGhast,net/minecraft/client/renderer/entity
RenderGiantZombie,net/minecraft/client/renderer/entity
RenderIronGolem,net/minecraft/client/renderer/entity
RenderItem,net/minecraft/client/renderer/entity
RenderLightningBolt,net/minecraft/client/renderer/entity
RenderLiving,net/minecraft/client/renderer/entity
RenderMagmaCube,net/minecraft/client/renderer/entity
RenderManager,net/minecraft/client/renderer/entity
RenderMinecart,net/minecraft/client/renderer/entity
RenderMooshroom,net/minecraft/client/renderer/entity
RenderOcelot,net/minecraft/client/renderer/entity
RenderPainting,net/minecraft/client/renderer/entity
RenderPig,net/minecraft/client/renderer/entity
RenderPlayer,net/minecraft/client/renderer/entity
RenderSheep,net/minecraft/client/renderer/entity
RenderSilverfish,net/minecraft/client/renderer/entity
RenderSkeleton,net/minecraft/client/renderer/entity
RenderSlime,net/minecraft/client/renderer/entity
RenderSnowMan,net/minecraft/client/renderer/entity
RenderSnowball,net/minecraft/client/renderer/entity
RenderSpider,net/minecraft/client/renderer/entity
RenderSquid,net/minecraft/client/renderer/entity
RenderTNTPrimed,net/minecraft/client/renderer/entity
RenderVillager,net/minecraft/client/renderer/entity
RenderWitch,net/minecraft/client/renderer/entity
RenderWither,net/minecraft/client/renderer/entity
RenderWolf,net/minecraft/client/renderer/entity
RenderXPOrb,net/minecraft/client/renderer/entity
RenderZombie,net/minecraft/client/renderer/entity
TextureCompassFX,net/minecraft/client/renderer/texturefx
TextureFX,net/minecraft/client/renderer/texturefx
TextureFlamesFX,net/minecraft/client/renderer/texturefx
TextureLavaFX,net/minecraft/client/renderer/texturefx
TextureLavaFlowFX,net/minecraft/client/renderer/texturefx
TexturePortalFX,net/minecraft/client/renderer/texturefx
TextureWatchFX,net/minecraft/client/renderer/texturefx
TextureWaterFX,net/minecraft/client/renderer/texturefx
TextureWaterFlowFX,net/minecraft/client/renderer/texturefx
RenderEndPortal,net/minecraft/client/renderer/tileentity
RenderEnderCrystal,net/minecraft/client/renderer/tileentity
RenderItemFrame,net/minecraft/client/renderer/tileentity
RenderWitherSkull,net/minecraft/client/renderer/tileentity
TileEntityBeaconRenderer,net/minecraft/client/renderer/tileentity
TileEntityChestRenderer,net/minecraft/client/renderer/tileentity
TileEntityEnderChestRenderer,net/minecraft/client/renderer/tileentity
TileEntityMobSpawnerRenderer,net/minecraft/client/renderer/tileentity
TileEntityRenderer,net/minecraft/client/renderer/tileentity
TileEntityRendererPiston,net/minecraft/client/renderer/tileentity
TileEntitySignRenderer,net/minecraft/client/renderer/tileentity
TileEntitySkullRenderer,net/minecraft/client/renderer/tileentity
TileEntitySpecialRenderer,net/minecraft/client/renderer/tileentity
EnumOptions,net/minecraft/client/settings
EnumOptionsHelper,net/minecraft/client/settings
GameSettings,net/minecraft/client/settings
KeyBinding,net/minecraft/client/settings
GuiTexturePackSlot,net/minecraft/client/texturepacks
GuiTexturePacks,net/minecraft/client/texturepacks
ITexturePack,net/minecraft/client/texturepacks
TexturePackCustom,net/minecraft/client/texturepacks
TexturePackDefault,net/minecraft/client/texturepacks
TexturePackDownloadSuccess,net/minecraft/client/texturepacks
TexturePackFolder,net/minecraft/client/texturepacks
TexturePackImplementation,net/minecraft/client/texturepacks
TexturePackList,net/minecraft/client/texturepacks
CommandBase,net/minecraft/command
CommandClearInventory,net/minecraft/command
CommandDebug,net/minecraft/command
CommandDefaultGameMode,net/minecraft/command
CommandDifficulty,net/minecraft/command
CommandEnchant,net/minecraft/command
CommandException,net/minecraft/command
CommandGameMode,net/minecraft/command
CommandGameRule,net/minecraft/command
CommandGive,net/minecraft/command
CommandHandler,net/minecraft/command
CommandHelp,net/minecraft/command
CommandKill,net/minecraft/command
CommandNotFoundException,net/minecraft/command
CommandServerBan,net/minecraft/command
CommandServerBanIp,net/minecraft/command
CommandServerBanlist,net/minecraft/command
CommandServerDeop,net/minecraft/command
CommandServerEmote,net/minecraft/command
CommandServerKick,net/minecraft/command
CommandServerList,net/minecraft/command
CommandServerMessage,net/minecraft/command
CommandServerOp,net/minecraft/command
CommandServerPardon,net/minecraft/command
CommandServerPardonIp,net/minecraft/command
CommandServerPublishLocal,net/minecraft/command
CommandServerSaveAll,net/minecraft/command
CommandServerSaveOff,net/minecraft/command
CommandServerSaveOn,net/minecraft/command
CommandServerSay,net/minecraft/command
CommandServerStop,net/minecraft/command
CommandServerTp,net/minecraft/command
CommandServerWhitelist,net/minecraft/command
CommandSetSpawnpoint,net/minecraft/command
CommandShowSeed,net/minecraft/command
CommandTime,net/minecraft/command
CommandToggleDownfall,net/minecraft/command
CommandWeather,net/minecraft/command
CommandXP,net/minecraft/command
IAdminCommand,net/minecraft/command
ICommand,net/minecraft/command
ICommandManager,net/minecraft/command
ICommandSender,net/minecraft/command
IEntitySelector,net/minecraft/command
NumberInvalidException,net/minecraft/command
PlayerNotFoundException,net/minecraft/command
PlayerSelector,net/minecraft/command
ServerCommand,net/minecraft/command
ServerCommandManager,net/minecraft/command
SyntaxErrorException,net/minecraft/command
WrongUsageException,net/minecraft/command
CallableBlockDataValue,net/minecraft/crash
CallableBlockLocation,net/minecraft/crash
CallableBlockType,net/minecraft/crash
CallableCrashMemoryReport,net/minecraft/crash
CallableIntCache,net/minecraft/crash
CallableJVMFlags,net/minecraft/crash
CallableJavaInfo,net/minecraft/crash
CallableJavaInfo2,net/minecraft/crash
CallableMemoryInfo,net/minecraft/crash
CallableMinecraftVersion,net/minecraft/crash
CallableOSInfo,net/minecraft/crash
CallableSuspiciousClasses,net/minecraft/crash
ComparatorClassSorter,net/minecraft/crash
CrashReport,net/minecraft/crash
CrashReportCategory,net/minecraft/crash
CrashReportCategoryEntry,net/minecraft/crash
CreativeTabBlock,net/minecraft/creativetab
CreativeTabBrewing,net/minecraft/creativetab
CreativeTabCombat,net/minecraft/creativetab
CreativeTabDeco,net/minecraft/creativetab
CreativeTabFood,net/minecraft/creativetab
CreativeTabInventory,net/minecraft/creativetab
CreativeTabMaterial,net/minecraft/creativetab
CreativeTabMisc,net/minecraft/creativetab
CreativeTabRedstone,net/minecraft/creativetab
CreativeTabSearch,net/minecraft/creativetab
CreativeTabTools,net/minecraft/creativetab
CreativeTabTransport,net/minecraft/creativetab
CreativeTabs,net/minecraft/creativetab
BehaviorArrowDispense,net/minecraft/dispenser
BehaviorBucketEmptyDispense,net/minecraft/dispenser
BehaviorBucketFullDispense,net/minecraft/dispenser
BehaviorDefaultDispenseItem,net/minecraft/dispenser
BehaviorDispenseBoat,net/minecraft/dispenser
BehaviorDispenseFireball,net/minecraft/dispenser
BehaviorDispenseItemProvider,net/minecraft/dispenser
BehaviorDispenseMinecart,net/minecraft/dispenser
BehaviorEggDispense,net/minecraft/dispenser
BehaviorExpBottleDispense,net/minecraft/dispenser
BehaviorMobEggDispense,net/minecraft/dispenser
BehaviorPotionDispense,net/minecraft/dispenser
BehaviorPotionDispenseLogic,net/minecraft/dispenser
BehaviorProjectileDispense,net/minecraft/dispenser
BehaviorSnowballDispense,net/minecraft/dispenser
IBehaviorDispenseItem,net/minecraft/dispenser
IBlockSource,net/minecraft/dispenser
ILocatableSource,net/minecraft/dispenser
ILocation,net/minecraft/dispenser
IPosition,net/minecraft/dispenser
IRegistry,net/minecraft/dispenser
PositionImpl,net/minecraft/dispenser
RegistryDefaulted,net/minecraft/dispenser
RegistrySimple,net/minecraft/dispenser
Empty3,net/minecraft/enchantment
Enchantment,net/minecraft/enchantment
EnchantmentArrowDamage,net/minecraft/enchantment
EnchantmentArrowFire,net/minecraft/enchantment
EnchantmentArrowInfinite,net/minecraft/enchantment
EnchantmentArrowKnockback,net/minecraft/enchantment
EnchantmentDamage,net/minecraft/enchantment
EnchantmentData,net/minecraft/enchantment
EnchantmentDigging,net/minecraft/enchantment
EnchantmentDurability,net/minecraft/enchantment
EnchantmentFireAspect,net/minecraft/enchantment
EnchantmentHelper,net/minecraft/enchantment
EnchantmentKnockback,net/minecraft/enchantment
EnchantmentLootBonus,net/minecraft/enchantment
EnchantmentModifierDamage,net/minecraft/enchantment
EnchantmentModifierLiving,net/minecraft/enchantment
EnchantmentOxygen,net/minecraft/enchantment
EnchantmentProtection,net/minecraft/enchantment
EnchantmentUntouching,net/minecraft/enchantment
EnchantmentWaterWorker,net/minecraft/enchantment
EnumEnchantmentType,net/minecraft/enchantment
IEnchantmentModifier,net/minecraft/enchantment
CallableEntityType,net/minecraft/entity
DataWatcher,net/minecraft/entity
Entity,net/minecraft/entity
EntityAgeable,net/minecraft/entity
EntityBodyHelper,net/minecraft/entity
EntityCreature,net/minecraft/entity
EntityEggInfo,net/minecraft/entity
EntityFlying,net/minecraft/entity
EntityHanging,net/minecraft/entity
EntityList,net/minecraft/entity
EntityLiving,net/minecraft/entity
EntityTracker,net/minecraft/entity
EntityTrackerEntry,net/minecraft/entity
EnumCreatureAttribute,net/minecraft/entity
EnumCreatureType,net/minecraft/entity
EnumEntitySize,net/minecraft/entity
EnumEntitySizeHelper,net/minecraft/entity
IEntityMultiPart,net/minecraft/entity
IMerchant,net/minecraft/entity
INpc,net/minecraft/entity
IProjectile,net/minecraft/entity
IRangedAttackMob,net/minecraft/entity
NpcMerchant,net/minecraft/entity
WatchableObject,net/minecraft/entity
EntityAIArrowAttack,net/minecraft/entity/ai
EntityAIAttackOnCollide,net/minecraft/entity/ai
EntityAIAvoidEntity,net/minecraft/entity/ai
EntityAIBase,net/minecraft/entity/ai
EntityAIBeg,net/minecraft/entity/ai
EntityAIBreakDoor,net/minecraft/entity/ai
EntityAIControlledByPlayer,net/minecraft/entity/ai
EntityAICreeperSwell,net/minecraft/entity/ai
EntityAIDefendVillage,net/minecraft/entity/ai
EntityAIDoorInteract,net/minecraft/entity/ai
EntityAIEatGrass,net/minecraft/entity/ai
EntityAIFleeSun,net/minecraft/entity/ai
EntityAIFollowGolem,net/minecraft/entity/ai
EntityAIFollowOwner,net/minecraft/entity/ai
EntityAIFollowParent,net/minecraft/entity/ai
EntityAIHurtByTarget,net/minecraft/entity/ai
EntityAILeapAtTarget,net/minecraft/entity/ai
EntityAILookAtTradePlayer,net/minecraft/entity/ai
EntityAILookAtVillager,net/minecraft/entity/ai
EntityAILookIdle,net/minecraft/entity/ai
EntityAIMate,net/minecraft/entity/ai
EntityAIMoveIndoors,net/minecraft/entity/ai
EntityAIMoveThroughVillage,net/minecraft/entity/ai
EntityAIMoveTowardsTarget,net/minecraft/entity/ai
EntityAIMoveTwardsRestriction,net/minecraft/entity/ai
EntityAINearestAttackableTarget,net/minecraft/entity/ai
EntityAINearestAttackableTargetSorter,net/minecraft/entity/ai
EntityAIOcelotAttack,net/minecraft/entity/ai
EntityAIOcelotSit,net/minecraft/entity/ai
EntityAIOpenDoor,net/minecraft/entity/ai
EntityAIOwnerHurtByTarget,net/minecraft/entity/ai
EntityAIOwnerHurtTarget,net/minecraft/entity/ai
EntityAIPanic,net/minecraft/entity/ai
EntityAIPlay,net/minecraft/entity/ai
EntityAIRestrictOpenDoor,net/minecraft/entity/ai
EntityAIRestrictSun,net/minecraft/entity/ai
EntityAISit,net/minecraft/entity/ai
EntityAISwimming,net/minecraft/entity/ai
EntityAITarget,net/minecraft/entity/ai
EntityAITargetNonTamed,net/minecraft/entity/ai
EntityAITaskEntry,net/minecraft/entity/ai
EntityAITasks,net/minecraft/entity/ai
EntityAITempt,net/minecraft/entity/ai
EntityAITradePlayer,net/minecraft/entity/ai
EntityAIVillagerMate,net/minecraft/entity/ai
EntityAIWander,net/minecraft/entity/ai
EntityAIWatchClosest,net/minecraft/entity/ai
EntityAIWatchClosest2,net/minecraft/entity/ai
EntityJumpHelper,net/minecraft/entity/ai
EntityLookHelper,net/minecraft/entity/ai
EntityMoveHelper,net/minecraft/entity/ai
EntitySenses,net/minecraft/entity/ai
RandomPositionGenerator,net/minecraft/entity/ai
BossStatus,net/minecraft/entity/boss
EntityDragon,net/minecraft/entity/boss
EntityDragonPart,net/minecraft/entity/boss
EntityWither,net/minecraft/entity/boss
EntityWitherAttackFilter,net/minecraft/entity/boss
IBossDisplayData,net/minecraft/entity/boss
EntityLightningBolt,net/minecraft/entity/effect
EntityWeatherEffect,net/minecraft/entity/effect
EntityBoat,net/minecraft/entity/item
EntityEnderCrystal,net/minecraft/entity/item
EntityEnderEye,net/minecraft/entity/item
EntityEnderPearl,net/minecraft/entity/item
EntityExpBottle,net/minecraft/entity/item
EntityFallingSand,net/minecraft/entity/item
EntityItem,net/minecraft/entity/item
EntityItemFrame,net/minecraft/entity/item
EntityMinecart,net/minecraft/entity/item
EntityPainting,net/minecraft/entity/item
EntityTNTPrimed,net/minecraft/entity/item
EntityXPOrb,net/minecraft/entity/item
SoundUpdaterMinecart,net/minecraft/entity/item
EntityBlaze,net/minecraft/entity/monster
EntityCaveSpider,net/minecraft/entity/monster
EntityCreeper,net/minecraft/entity/monster
EntityEnderman,net/minecraft/entity/monster
EntityGhast,net/minecraft/entity/monster
EntityGiantZombie,net/minecraft/entity/monster
EntityGolem,net/minecraft/entity/monster
EntityIronGolem,net/minecraft/entity/monster
EntityMagmaCube,net/minecraft/entity/monster
EntityMob,net/minecraft/entity/monster
EntityPigZombie,net/minecraft/entity/monster
EntitySilverfish,net/minecraft/entity/monster
EntitySkeleton,net/minecraft/entity/monster
EntitySlime,net/minecraft/entity/monster
EntitySnowman,net/minecraft/entity/monster
EntitySpider,net/minecraft/entity/monster
EntityWitch,net/minecraft/entity/monster
EntityZombie,net/minecraft/entity/monster
FilterIMob,net/minecraft/entity/monster
IMob,net/minecraft/entity/monster
ContainerSheep,net/minecraft/entity/passive
EntityAmbientCreature,net/minecraft/entity/passive
EntityAnimal,net/minecraft/entity/passive
EntityBat,net/minecraft/entity/passive
EntityChicken,net/minecraft/entity/passive
EntityCow,net/minecraft/entity/passive
EntityMooshroom,net/minecraft/entity/passive
EntityOcelot,net/minecraft/entity/passive
EntityPig,net/minecraft/entity/passive
EntitySheep,net/minecraft/entity/passive
EntitySquid,net/minecraft/entity/passive
EntityTameable,net/minecraft/entity/passive
EntityVillager,net/minecraft/entity/passive
EntityWaterMob,net/minecraft/entity/passive
EntityWolf,net/minecraft/entity/passive
IAnimals,net/minecraft/entity/passive
EntityPlayer,net/minecraft/entity/player
EntityPlayerMP,net/minecraft/entity/player
EnumStatus,net/minecraft/entity/player
InventoryPlayer,net/minecraft/entity/player
PlayerCapabilities,net/minecraft/entity/player
EntityArrow,net/minecraft/entity/projectile
EntityEgg,net/minecraft/entity/projectile
EntityFireball,net/minecraft/entity/projectile
EntityFishHook,net/minecraft/entity/projectile
EntityLargeFireball,net/minecraft/entity/projectile
EntityPotion,net/minecraft/entity/projectile
EntitySmallFireball,net/minecraft/entity/projectile
EntitySnowball,net/minecraft/entity/projectile
EntityThrowable,net/minecraft/entity/projectile
EntityWitherSkull,net/minecraft/entity/projectile
Container,net/minecraft/inventory
ContainerBeacon,net/minecraft/inventory
ContainerBrewingStand,net/minecraft/inventory
ContainerChest,net/minecraft/inventory
ContainerDispenser,net/minecraft/inventory
ContainerEnchantment,net/minecraft/inventory
ContainerFurnace,net/minecraft/inventory
ContainerMerchant,net/minecraft/inventory
ContainerPlayer,net/minecraft/inventory
ContainerRepair,net/minecraft/inventory
ContainerWorkbench,net/minecraft/inventory
ICrafting,net/minecraft/inventory
IInvBasic,net/minecraft/inventory
IInventory,net/minecraft/inventory
InventoryBasic,net/minecraft/inventory
InventoryCraftResult,net/minecraft/inventory
InventoryCrafting,net/minecraft/inventory
InventoryEnderChest,net/minecraft/inventory
InventoryLargeChest,net/minecraft/inventory
InventoryMerchant,net/minecraft/inventory
InventoryRepair,net/minecraft/inventory
Slot,net/minecraft/inventory
SlotArmor,net/minecraft/inventory
SlotBeacon,net/minecraft/inventory
SlotBrewingStandIngredient,net/minecraft/inventory
SlotBrewingStandPotion,net/minecraft/inventory
SlotCrafting,net/minecraft/inventory
SlotEnchantment,net/minecraft/inventory
SlotEnchantmentTable,net/minecraft/inventory
SlotFurnace,net/minecraft/inventory
SlotMerchantResult,net/minecraft/inventory
SlotRepair,net/minecraft/inventory
EnumAction,net/minecraft/item
EnumArmorMaterial,net/minecraft/item
EnumRarity,net/minecraft/item
EnumToolMaterial,net/minecraft/item
Item,net/minecraft/item
ItemAnvilBlock,net/minecraft/item
ItemAppleGold,net/minecraft/item
ItemArmor,net/minecraft/item
ItemAxe,net/minecraft/item
ItemBed,net/minecraft/item
ItemBlock,net/minecraft/item
ItemBoat,net/minecraft/item
ItemBow,net/minecraft/item
ItemBucket,net/minecraft/item
ItemBucketMilk,net/minecraft/item
ItemCarrotOnAStick,net/minecraft/item
ItemCloth,net/minecraft/item
ItemCoal,net/minecraft/item
ItemColored,net/minecraft/item
ItemDoor,net/minecraft/item
ItemDye,net/minecraft/item
ItemEditableBook,net/minecraft/item
ItemEgg,net/minecraft/item
ItemEmptyMap,net/minecraft/item
ItemEnderEye,net/minecraft/item
ItemEnderPearl,net/minecraft/item
ItemExpBottle,net/minecraft/item
ItemFireball,net/minecraft/item
ItemFishingRod,net/minecraft/item
ItemFlintAndSteel,net/minecraft/item
ItemFood,net/minecraft/item
ItemGlassBottle,net/minecraft/item
ItemHangingEntity,net/minecraft/item
ItemHoe,net/minecraft/item
ItemInWorldManager,net/minecraft/item
ItemLeaves,net/minecraft/item
ItemLilyPad,net/minecraft/item
ItemMap,net/minecraft/item
ItemMapBase,net/minecraft/item
ItemMinecart,net/minecraft/item
ItemMonsterPlacer,net/minecraft/item
ItemMultiTextureTile,net/minecraft/item
ItemPickaxe,net/minecraft/item
ItemPiston,net/minecraft/item
ItemPotion,net/minecraft/item
ItemRecord,net/minecraft/item
ItemRedstone,net/minecraft/item
ItemReed,net/minecraft/item
ItemSaddle,net/minecraft/item
ItemSeedFood,net/minecraft/item
ItemSeeds,net/minecraft/item
ItemShears,net/minecraft/item
ItemSign,net/minecraft/item
ItemSimpleFoiled,net/minecraft/item
ItemSkull,net/minecraft/item
ItemSlab,net/minecraft/item
ItemSnowball,net/minecraft/item
ItemSoup,net/minecraft/item
ItemSpade,net/minecraft/item
ItemStack,net/minecraft/item
ItemSword,net/minecraft/item
ItemTool,net/minecraft/item
ItemWritableBook,net/minecraft/item
CraftingManager,net/minecraft/item/crafting
FurnaceRecipes,net/minecraft/item/crafting
IRecipe,net/minecraft/item/crafting
RecipeSorter,net/minecraft/item/crafting
RecipesArmor,net/minecraft/item/crafting
RecipesArmorDyes,net/minecraft/item/crafting
RecipesCrafting,net/minecraft/item/crafting
RecipesDyes,net/minecraft/item/crafting
RecipesFood,net/minecraft/item/crafting
RecipesIngots,net/minecraft/item/crafting
RecipesMapCloning,net/minecraft/item/crafting
RecipesMapExtending,net/minecraft/item/crafting
RecipesTools,net/minecraft/item/crafting
RecipesWeapons,net/minecraft/item/crafting
ShapedRecipes,net/minecraft/item/crafting
ShapelessRecipes,net/minecraft/item/crafting
CallableTagCompound1,net/minecraft/nbt
CallableTagCompound2,net/minecraft/nbt
CompressedStreamTools,net/minecraft/nbt
NBTBase,net/minecraft/nbt
NBTTagByte,net/minecraft/nbt
NBTTagByteArray,net/minecraft/nbt
NBTTagCompound,net/minecraft/nbt
NBTTagDouble,net/minecraft/nbt
NBTTagEnd,net/minecraft/nbt
NBTTagFloat,net/minecraft/nbt
NBTTagInt,net/minecraft/nbt
NBTTagIntArray,net/minecraft/nbt
NBTTagList,net/minecraft/nbt
NBTTagLong,net/minecraft/nbt
NBTTagShort,net/minecraft/nbt
NBTTagString,net/minecraft/nbt
INetworkManager,net/minecraft/network
MemoryConnection,net/minecraft/network
NetLoginHandler,net/minecraft/network
NetServerHandler,net/minecraft/network
NetworkListenThread,net/minecraft/network
TcpConnection,net/minecraft/network
TcpMasterThread,net/minecraft/network
TcpMonitorThread,net/minecraft/network
TcpReaderThread,net/minecraft/network
TcpWriterThread,net/minecraft/network
ThreadLoginVerifier,net/minecraft/network
NetHandler,net/minecraft/network/packet
Packet,net/minecraft/network/packet
Packet0KeepAlive,net/minecraft/network/packet
Packet100OpenWindow,net/minecraft/network/packet
Packet101CloseWindow,net/minecraft/network/packet
Packet102WindowClick,net/minecraft/network/packet
Packet103SetSlot,net/minecraft/network/packet
Packet104WindowItems,net/minecraft/network/packet
Packet105UpdateProgressbar,net/minecraft/network/packet
Packet106Transaction,net/minecraft/network/packet
Packet107CreativeSetSlot,net/minecraft/network/packet
Packet108EnchantItem,net/minecraft/network/packet
Packet10Flying,net/minecraft/network/packet
Packet11PlayerPosition,net/minecraft/network/packet
Packet12PlayerLook,net/minecraft/network/packet
Packet130UpdateSign,net/minecraft/network/packet
Packet131MapData,net/minecraft/network/packet
Packet132TileEntityData,net/minecraft/network/packet
Packet13PlayerLookMove,net/minecraft/network/packet
Packet14BlockDig,net/minecraft/network/packet
Packet15Place,net/minecraft/network/packet
Packet16BlockItemSwitch,net/minecraft/network/packet
Packet17Sleep,net/minecraft/network/packet
Packet18Animation,net/minecraft/network/packet
Packet19EntityAction,net/minecraft/network/packet
Packet1Login,net/minecraft/network/packet
Packet200Statistic,net/minecraft/network/packet
Packet201PlayerInfo,net/minecraft/network/packet
Packet202PlayerAbilities,net/minecraft/network/packet
Packet203AutoComplete,net/minecraft/network/packet
Packet204ClientInfo,net/minecraft/network/packet
Packet205ClientCommand,net/minecraft/network/packet
Packet20NamedEntitySpawn,net/minecraft/network/packet
Packet21PickupSpawn,net/minecraft/network/packet
Packet22Collect,net/minecraft/network/packet
Packet23VehicleSpawn,net/minecraft/network/packet
Packet24MobSpawn,net/minecraft/network/packet
Packet250CustomPayload,net/minecraft/network/packet
Packet252SharedKey,net/minecraft/network/packet
Packet253ServerAuthData,net/minecraft/network/packet
Packet254ServerPing,net/minecraft/network/packet
Packet255KickDisconnect,net/minecraft/network/packet
Packet25EntityPainting,net/minecraft/network/packet
Packet26EntityExpOrb,net/minecraft/network/packet
Packet28EntityVelocity,net/minecraft/network/packet
Packet29DestroyEntity,net/minecraft/network/packet
Packet2ClientProtocol,net/minecraft/network/packet
Packet30Entity,net/minecraft/network/packet
Packet31RelEntityMove,net/minecraft/network/packet
Packet32EntityLook,net/minecraft/network/packet
Packet33RelEntityMoveLook,net/minecraft/network/packet
Packet34EntityTeleport,net/minecraft/network/packet
Packet35EntityHeadRotation,net/minecraft/network/packet
Packet38EntityStatus,net/minecraft/network/packet
Packet39AttachEntity,net/minecraft/network/packet
Packet3Chat,net/minecraft/network/packet
Packet40EntityMetadata,net/minecraft/network/packet
Packet41EntityEffect,net/minecraft/network/packet
Packet42RemoveEntityEffect,net/minecraft/network/packet
Packet43Experience,net/minecraft/network/packet
Packet4UpdateTime,net/minecraft/network/packet
Packet51MapChunk,net/minecraft/network/packet
Packet51MapChunkData,net/minecraft/network/packet
Packet52MultiBlockChange,net/minecraft/network/packet
Packet53BlockChange,net/minecraft/network/packet
Packet54PlayNoteBlock,net/minecraft/network/packet
Packet55BlockDestroy,net/minecraft/network/packet
Packet56MapChunks,net/minecraft/network/packet
Packet5PlayerInventory,net/minecraft/network/packet
Packet60Explosion,net/minecraft/network/packet
Packet61DoorChange,net/minecraft/network/packet
Packet62LevelSound,net/minecraft/network/packet
Packet6SpawnPosition,net/minecraft/network/packet
Packet70GameEvent,net/minecraft/network/packet
Packet71Weather,net/minecraft/network/packet
Packet7UseEntity,net/minecraft/network/packet
Packet8UpdateHealth,net/minecraft/network/packet
Packet9Respawn,net/minecraft/network/packet
PacketCount,net/minecraft/network/packet
IServer,net/minecraft/network/rcon
RConConsoleSource,net/minecraft/network/rcon
RConOutputStream,net/minecraft/network/rcon
RConThreadBase,net/minecraft/network/rcon
RConThreadClient,net/minecraft/network/rcon
RConThreadMain,net/minecraft/network/rcon
RConThreadQuery,net/minecraft/network/rcon
RConThreadQueryAuth,net/minecraft/network/rcon
RConUtils,net/minecraft/network/rcon
Path,net/minecraft/pathfinding
PathEntity,net/minecraft/pathfinding
PathFinder,net/minecraft/pathfinding
PathNavigate,net/minecraft/pathfinding
PathPoint,net/minecraft/pathfinding
Potion,net/minecraft/potion
PotionEffect,net/minecraft/potion
PotionHealth,net/minecraft/potion
PotionHelper,net/minecraft/potion
IPlayerUsage,net/minecraft/profiler
PlayerUsageSnooper,net/minecraft/profiler
PlayerUsageSnooperThread,net/minecraft/profiler
Profiler,net/minecraft/profiler
ProfilerResult,net/minecraft/profiler
CallableIsServerModded,net/minecraft/server
CallableServerMemoryStats,net/minecraft/server
CallableServerProfiler,net/minecraft/server
ConvertingProgressUpdate,net/minecraft/server
ServerListenThread,net/minecraft/server
ThreadDedicatedServer,net/minecraft/server
ThreadMinecraftServer,net/minecraft/server
CallableServerType,net/minecraft/server/dedicated
CallableType,net/minecraft/server/dedicated
ConsoleLogFormatter,net/minecraft/server/dedicated
ConsoleLogManager,net/minecraft/server/dedicated
DedicatedPlayerList,net/minecraft/server/dedicated
DedicatedServer,net/minecraft/server/dedicated
DedicatedServerCommandThread,net/minecraft/server/dedicated
DedicatedServerListenThread,net/minecraft/server/dedicated
DedicatedServerSleepThread,net/minecraft/server/dedicated
PropertyManager,net/minecraft/server/dedicated
GuiLogFormatter,net/minecraft/server/gui
GuiLogOutputHandler,net/minecraft/server/gui
GuiStatsComponent,net/minecraft/server/gui
GuiStatsListener,net/minecraft/server/gui
IUpdatePlayerListBox,net/minecraft/server/gui
PlayerListBox,net/minecraft/server/gui
ServerGUI,net/minecraft/server/gui
ServerGuiCommandListener,net/minecraft/server/gui
ServerGuiFocusAdapter,net/minecraft/server/gui
ServerWindowAdapter,net/minecraft/server/gui
CallableIsModded,net/minecraft/server/integrated
CallableType3,net/minecraft/server/integrated
IntegratedPlayerList,net/minecraft/server/integrated
IntegratedServer,net/minecraft/server/integrated
IntegratedServerListenThread,net/minecraft/server/integrated
BanEntry,net/minecraft/server/management
BanList,net/minecraft/server/management
LowerStringMap,net/minecraft/server/management
PlayerInstance,net/minecraft/server/management
PlayerManager,net/minecraft/server/management
PlayerPositionComparator,net/minecraft/server/management
ServerConfigurationManager,net/minecraft/server/management
Achievement,net/minecraft/stats
AchievementList,net/minecraft/stats
AchievementMap,net/minecraft/stats
IStatStringFormat,net/minecraft/stats
IStatType,net/minecraft/stats
StatBase,net/minecraft/stats
StatBasic,net/minecraft/stats
StatCrafting,net/minecraft/stats
StatFileWriter,net/minecraft/stats
StatList,net/minecraft/stats
StatTypeDistance,net/minecraft/stats
StatTypeSimple,net/minecraft/stats
StatTypeTime,net/minecraft/stats
StatsSyncher,net/minecraft/stats
ThreadStatSyncherReceive,net/minecraft/stats
ThreadStatSyncherSend,net/minecraft/stats
CallableTileEntityName,net/minecraft/tileentity
TileEntity,net/minecraft/tileentity
TileEntityBeacon,net/minecraft/tileentity
TileEntityBrewingStand,net/minecraft/tileentity
TileEntityChest,net/minecraft/tileentity
TileEntityCommandBlock,net/minecraft/tileentity
TileEntityDispenser,net/minecraft/tileentity
TileEntityEnchantmentTable,net/minecraft/tileentity
TileEntityEndPortal,net/minecraft/tileentity
TileEntityEnderChest,net/minecraft/tileentity
TileEntityFurnace,net/minecraft/tileentity
TileEntityMobSpawner,net/minecraft/tileentity
TileEntityNote,net/minecraft/tileentity
TileEntityPiston,net/minecraft/tileentity
TileEntitySign,net/minecraft/tileentity
TileEntitySkull,net/minecraft/tileentity
AABBLocalPool,net/minecraft/util
AABBPool,net/minecraft/util
AxisAlignedBB,net/minecraft/util
ChatAllowedCharacters,net/minecraft/util
ChunkCoordinates,net/minecraft/util
CryptManager,net/minecraft/util
DamageSource,net/minecraft/util
Direction,net/minecraft/util
EnchantmentNameParts,net/minecraft/util
EntityDamageSource,net/minecraft/util
EntityDamageSourceIndirect,net/minecraft/util
EnumArt,net/minecraft/util
EnumFacing,net/minecraft/util
EnumMovingObjectType,net/minecraft/util
EnumOS,net/minecraft/util
Facing,net/minecraft/util
FoodStats,net/minecraft/util
HttpUtil,net/minecraft/util
HttpUtilRunnable,net/minecraft/util
IDownloadSuccess,net/minecraft/util
IProgressUpdate,net/minecraft/util
IntHashMap,net/minecraft/util
IntHashMapEntry,net/minecraft/util
LongHashMap,net/minecraft/util
LongHashMapEntry,net/minecraft/util
MD5String,net/minecraft/util
MathHelper,net/minecraft/util
MinecraftError,net/minecraft/util
MouseFilter,net/minecraft/util
MouseHelper,net/minecraft/util
MovementInput,net/minecraft/util
MovementInputFromOptions,net/minecraft/util
MovingObjectPosition,net/minecraft/util
ReportedException,net/minecraft/util
ScreenShotHelper,net/minecraft/util
Session,net/minecraft/util
StatCollector,net/minecraft/util
StringTranslate,net/minecraft/util
StringUtils,net/minecraft/util
ThreadDownloadResources,net/minecraft/util
Timer,net/minecraft/util
Tuple,net/minecraft/util
Vec3,net/minecraft/util
Vec3Pool,net/minecraft/util
WeightedRandom,net/minecraft/util
WeightedRandomChestContent,net/minecraft/util
WeightedRandomItem,net/minecraft/util
MerchantRecipe,net/minecraft/village
MerchantRecipeList,net/minecraft/village
Village,net/minecraft/village
VillageAgressor,net/minecraft/village
VillageCollection,net/minecraft/village
VillageDoorInfo,net/minecraft/village
VillageSiege,net/minecraft/village
CallableLvl1,net/minecraft/world
CallableLvl2,net/minecraft/world
CallableLvl3,net/minecraft/world
ChunkCache,net/minecraft/world
ChunkCoordIntPair,net/minecraft/world
ChunkPosition,net/minecraft/world
ColorizerFoliage,net/minecraft/world
ColorizerGrass,net/minecraft/world
ColorizerWater,net/minecraft/world
EnumGameType,net/minecraft/world
EnumSkyBlock,net/minecraft/world
Explosion,net/minecraft/world
GameRuleValue,net/minecraft/world
GameRules,net/minecraft/world
IBlockAccess,net/minecraft/world
IWorldAccess,net/minecraft/world
MinecraftException,net/minecraft/world
NextTickListEntry,net/minecraft/world
PortalPosition,net/minecraft/world
ServerBlockEvent,net/minecraft/world
ServerBlockEventList,net/minecraft/world
SpawnerAnimals,net/minecraft/world
Teleporter,net/minecraft/world
World,net/minecraft/world
WorldManager,net/minecraft/world
WorldProvider,net/minecraft/world
WorldProviderEnd,net/minecraft/world
WorldProviderHell,net/minecraft/world
WorldProviderSurface,net/minecraft/world
WorldSavedData,net/minecraft/world
WorldServer,net/minecraft/world
WorldServerMulti,net/minecraft/world
WorldSettings,net/minecraft/world
WorldType,net/minecraft/world
BiomeCache,net/minecraft/world/biome
BiomeCacheBlock,net/minecraft/world/biome
BiomeDecorator,net/minecraft/world/biome
BiomeEndDecorator,net/minecraft/world/biome
BiomeGenBase,net/minecraft/world/biome
BiomeGenBeach,net/minecraft/world/biome
BiomeGenDesert,net/minecraft/world/biome
BiomeGenEnd,net/minecraft/world/biome
BiomeGenForest,net/minecraft/world/biome
BiomeGenHell,net/minecraft/world/biome
BiomeGenHills,net/minecraft/world/biome
BiomeGenJungle,net/minecraft/world/biome
BiomeGenMushroomIsland,net/minecraft/world/biome
BiomeGenOcean,net/minecraft/world/biome
BiomeGenPlains,net/minecraft/world/biome
BiomeGenRiver,net/minecraft/world/biome
BiomeGenSnow,net/minecraft/world/biome
BiomeGenSwamp,net/minecraft/world/biome
BiomeGenTaiga,net/minecraft/world/biome
SpawnListEntry,net/minecraft/world/biome
WorldChunkManager,net/minecraft/world/biome
WorldChunkManagerHell,net/minecraft/world/biome
Chunk,net/minecraft/world/chunk
EmptyChunk,net/minecraft/world/chunk
IChunkProvider,net/minecraft/world/chunk
NibbleArray,net/minecraft/world/chunk
AnvilChunkLoader,net/minecraft/world/chunk/storage
AnvilChunkLoaderPending,net/minecraft/world/chunk/storage
AnvilConverterData,net/minecraft/world/chunk/storage
AnvilSaveConverter,net/minecraft/world/chunk/storage
AnvilSaveConverterFileFilter,net/minecraft/world/chunk/storage
AnvilSaveHandler,net/minecraft/world/chunk/storage
ChunkLoader,net/minecraft/world/chunk/storage
ExtendedBlockStorage,net/minecraft/world/chunk/storage
IChunkLoader,net/minecraft/world/chunk/storage
NibbleArrayReader,net/minecraft/world/chunk/storage
RegionFile,net/minecraft/world/chunk/storage
RegionFileCache,net/minecraft/world/chunk/storage
RegionFileChunkBuffer,net/minecraft/world/chunk/storage
DemoWorldManager,net/minecraft/world/demo
DemoWorldServer,net/minecraft/world/demo
ChunkProviderEnd,net/minecraft/world/gen
ChunkProviderFlat,net/minecraft/world/gen
ChunkProviderGenerate,net/minecraft/world/gen
ChunkProviderHell,net/minecraft/world/gen
ChunkProviderServer,net/minecraft/world/gen
FlatGeneratorInfo,net/minecraft/world/gen
FlatLayerInfo,net/minecraft/world/gen
MapGenBase,net/minecraft/world/gen
MapGenCaves,net/minecraft/world/gen
MapGenCavesHell,net/minecraft/world/gen
MapGenRavine,net/minecraft/world/gen
NoiseGenerator,net/minecraft/world/gen
NoiseGeneratorOctaves,net/minecraft/world/gen
NoiseGeneratorPerlin,net/minecraft/world/gen
MapGenScatteredFeature,net/minecraft/world/gen/feature
WorldGenBigMushroom,net/minecraft/world/gen/feature
WorldGenBigTree,net/minecraft/world/gen/feature
WorldGenCactus,net/minecraft/world/gen/feature
WorldGenClay,net/minecraft/world/gen/feature
WorldGenDeadBush,net/minecraft/world/gen/feature
WorldGenDesertWells,net/minecraft/world/gen/feature
WorldGenDungeons,net/minecraft/world/gen/feature
WorldGenFire,net/minecraft/world/gen/feature
WorldGenFlowers,net/minecraft/world/gen/feature
WorldGenForest,net/minecraft/world/gen/feature
WorldGenGlowStone1,net/minecraft/world/gen/feature
WorldGenGlowStone2,net/minecraft/world/gen/feature
WorldGenHellLava,net/minecraft/world/gen/feature
WorldGenHugeTrees,net/minecraft/world/gen/feature
WorldGenLakes,net/minecraft/world/gen/feature
WorldGenLiquids,net/minecraft/world/gen/feature
WorldGenMinable,net/minecraft/world/gen/feature
WorldGenPumpkin,net/minecraft/world/gen/feature
WorldGenReed,net/minecraft/world/gen/feature
WorldGenSand,net/minecraft/world/gen/feature
WorldGenShrub,net/minecraft/world/gen/feature
WorldGenSpikes,net/minecraft/world/gen/feature
WorldGenSwamp,net/minecraft/world/gen/feature
WorldGenTaiga1,net/minecraft/world/gen/feature
WorldGenTaiga2,net/minecraft/world/gen/feature
WorldGenTallGrass,net/minecraft/world/gen/feature
WorldGenTrees,net/minecraft/world/gen/feature
WorldGenVines,net/minecraft/world/gen/feature
WorldGenWaterlily,net/minecraft/world/gen/feature
WorldGenerator,net/minecraft/world/gen/feature
WorldGeneratorBonusChest,net/minecraft/world/gen/feature
GenLayer,net/minecraft/world/gen/layer
GenLayerAddIsland,net/minecraft/world/gen/layer
GenLayerAddMushroomIsland,net/minecraft/world/gen/layer
GenLayerAddSnow,net/minecraft/world/gen/layer
GenLayerBiome,net/minecraft/world/gen/layer
GenLayerFuzzyZoom,net/minecraft/world/gen/layer
GenLayerHills,net/minecraft/world/gen/layer
GenLayerIsland,net/minecraft/world/gen/layer
GenLayerRiver,net/minecraft/world/gen/layer
GenLayerRiverInit,net/minecraft/world/gen/layer
GenLayerRiverMix,net/minecraft/world/gen/layer
GenLayerShore,net/minecraft/world/gen/layer
GenLayerSmooth,net/minecraft/world/gen/layer
GenLayerSwampRivers,net/minecraft/world/gen/layer
GenLayerVoronoiZoom,net/minecraft/world/gen/layer
GenLayerZoom,net/minecraft/world/gen/layer
IntCache,net/minecraft/world/gen/layer
CallableChunkPosHash,net/minecraft/world/gen/structure
CallableIsFeatureChunk,net/minecraft/world/gen/structure
CallableStructureType,net/minecraft/world/gen/structure
ComponentMineshaftCorridor,net/minecraft/world/gen/structure
ComponentMineshaftCross,net/minecraft/world/gen/structure
ComponentMineshaftRoom,net/minecraft/world/gen/structure
ComponentMineshaftStairs,net/minecraft/world/gen/structure
ComponentNetherBridgeCorridor,net/minecraft/world/gen/structure
ComponentNetherBridgeCorridor2,net/minecraft/world/gen/structure
ComponentNetherBridgeCorridor3,net/minecraft/world/gen/structure
ComponentNetherBridgeCorridor4,net/minecraft/world/gen/structure
ComponentNetherBridgeCorridor5,net/minecraft/world/gen/structure
ComponentNetherBridgeCrossing,net/minecraft/world/gen/structure
ComponentNetherBridgeCrossing2,net/minecraft/world/gen/structure
ComponentNetherBridgeCrossing3,net/minecraft/world/gen/structure
ComponentNetherBridgeEnd,net/minecraft/world/gen/structure
ComponentNetherBridgeEntrance,net/minecraft/world/gen/structure
ComponentNetherBridgeNetherStalkRoom,net/minecraft/world/gen/structure
ComponentNetherBridgePiece,net/minecraft/world/gen/structure
ComponentNetherBridgeStairs,net/minecraft/world/gen/structure
ComponentNetherBridgeStartPiece,net/minecraft/world/gen/structure
ComponentNetherBridgeStraight,net/minecraft/world/gen/structure
ComponentNetherBridgeThrone,net/minecraft/world/gen/structure
ComponentScatteredFeature,net/minecraft/world/gen/structure
ComponentScatteredFeatureDesertPyramid,net/minecraft/world/gen/structure
ComponentScatteredFeatureJunglePyramid,net/minecraft/world/gen/structure
ComponentScatteredFeaturePieces2,net/minecraft/world/gen/structure
ComponentScatteredFeatureSwampHut,net/minecraft/world/gen/structure
ComponentStronghold,net/minecraft/world/gen/structure
ComponentStrongholdChestCorridor,net/minecraft/world/gen/structure
ComponentStrongholdCorridor,net/minecraft/world/gen/structure
ComponentStrongholdCrossing,net/minecraft/world/gen/structure
ComponentStrongholdLeftTurn,net/minecraft/world/gen/structure
ComponentStrongholdLibrary,net/minecraft/world/gen/structure
ComponentStrongholdPortalRoom,net/minecraft/world/gen/structure
ComponentStrongholdPrison,net/minecraft/world/gen/structure
ComponentStrongholdRightTurn,net/minecraft/world/gen/structure
ComponentStrongholdRoomCrossing,net/minecraft/world/gen/structure
ComponentStrongholdStairs,net/minecraft/world/gen/structure
ComponentStrongholdStairs2,net/minecraft/world/gen/structure
ComponentStrongholdStairsStraight,net/minecraft/world/gen/structure
ComponentStrongholdStraight,net/minecraft/world/gen/structure
ComponentVillage,net/minecraft/world/gen/structure
ComponentVillageChurch,net/minecraft/world/gen/structure
ComponentVillageField,net/minecraft/world/gen/structure
ComponentVillageField2,net/minecraft/world/gen/structure
ComponentVillageHall,net/minecraft/world/gen/structure
ComponentVillageHouse1,net/minecraft/world/gen/structure
ComponentVillageHouse2,net/minecraft/world/gen/structure
ComponentVillageHouse3,net/minecraft/world/gen/structure
ComponentVillageHouse4_Garden,net/minecraft/world/gen/structure
ComponentVillagePathGen,net/minecraft/world/gen/structure
ComponentVillageRoadPiece,net/minecraft/world/gen/structure
ComponentVillageStartPiece,net/minecraft/world/gen/structure
ComponentVillageTorch,net/minecraft/world/gen/structure
ComponentVillageWell,net/minecraft/world/gen/structure
ComponentVillageWoodHut,net/minecraft/world/gen/structure
EnumDoor,net/minecraft/world/gen/structure
EnumDoorHelper,net/minecraft/world/gen/structure
MapGenMineshaft,net/minecraft/world/gen/structure
MapGenNetherBridge,net/minecraft/world/gen/structure
MapGenStronghold,net/minecraft/world/gen/structure
MapGenStructure,net/minecraft/world/gen/structure
MapGenVillage,net/minecraft/world/gen/structure
StructureBoundingBox,net/minecraft/world/gen/structure
StructureComponent,net/minecraft/world/gen/structure
StructureMineshaftPieces,net/minecraft/world/gen/structure
StructureMineshaftStart,net/minecraft/world/gen/structure
StructureNetherBridgePieceWeight,net/minecraft/world/gen/structure
StructureNetherBridgePieces,net/minecraft/world/gen/structure
StructureNetherBridgeStart,net/minecraft/world/gen/structure
StructurePieceBlockSelector,net/minecraft/world/gen/structure
StructureScatteredFeatureStart,net/minecraft/world/gen/structure
StructureScatteredFeatureStones,net/minecraft/world/gen/structure
StructureStart,net/minecraft/world/gen/structure
StructureStrongholdPieceWeight,net/minecraft/world/gen/structure
StructureStrongholdPieceWeight2,net/minecraft/world/gen/structure
StructureStrongholdPieceWeight3,net/minecraft/world/gen/structure
StructureStrongholdPieces,net/minecraft/world/gen/structure
StructureStrongholdStart,net/minecraft/world/gen/structure
StructureStrongholdStones,net/minecraft/world/gen/structure
StructureVillagePieceWeight,net/minecraft/world/gen/structure
StructureVillagePieces,net/minecraft/world/gen/structure
StructureVillageStart,net/minecraft/world/gen/structure
CallableLevelDimension,net/minecraft/world/storage
CallableLevelGamemode,net/minecraft/world/storage
CallableLevelGenerator,net/minecraft/world/storage
CallableLevelGeneratorOptions,net/minecraft/world/storage
CallableLevelSeed,net/minecraft/world/storage
CallableLevelSpawnLocation,net/minecraft/world/storage
CallableLevelStorageVersion,net/minecraft/world/storage
CallableLevelTime,net/minecraft/world/storage
CallableLevelWeather,net/minecraft/world/storage
DerivedWorldInfo,net/minecraft/world/storage
IPlayerFileData,net/minecraft/world/storage
ISaveFormat,net/minecraft/world/storage
ISaveHandler,net/minecraft/world/storage
IThreadedFileIO,net/minecraft/world/storage
MapCoord,net/minecraft/world/storage
MapData,net/minecraft/world/storage
MapInfo,net/minecraft/world/storage
MapStorage,net/minecraft/world/storage
SaveFormatComparator,net/minecraft/world/storage
SaveFormatOld,net/minecraft/world/storage
SaveHandler,net/minecraft/world/storage
SaveHandlerMP,net/minecraft/world/storage
ThreadedFileIOBase,net/minecraft/world/storage
WorldInfo,net/minecraft/world/storage
